<annotation>
	<folder>data_leaf_rez</folder>
	<filename>correct_14.jpg</filename>
	<path>C:\Desktop\project\data_leaf_rez\correct_14.jpg</path>
	<source>
		<database>Unknown</database>
	</source>
	<size>
		<width>300</width>
		<height>300</height>
		<depth>3</depth>
	</size>
	<segmented>0</segmented>
	<object>
		<name>Leaf</name>
		<pose>Unspecified</pose>
		<truncated>1</truncated>
		<difficult>0</difficult>
		<bndbox>
			<xmin>4</xmin>
			<ymin>1</ymin>
			<xmax>262</xmax>
			<ymax>246</ymax>
		</bndbox>
	</object>
</annotation>
