<annotation>
	<folder>data_leaf_rez</folder>
	<filename>correct_15.jpg</filename>
	<path>C:\Desktop\project\data_leaf_rez\correct_15.jpg</path>
	<source>
		<database>Unknown</database>
	</source>
	<size>
		<width>300</width>
		<height>300</height>
		<depth>3</depth>
	</size>
	<segmented>0</segmented>
	<object>
		<name>Leaf</name>
		<pose>Unspecified</pose>
		<truncated>0</truncated>
		<difficult>0</difficult>
		<bndbox>
			<xmin>42</xmin>
			<ymin>57</ymin>
			<xmax>264</xmax>
			<ymax>205</ymax>
		</bndbox>
	</object>
	<object>
		<name>Leaf</name>
		<pose>Unspecified</pose>
		<truncated>1</truncated>
		<difficult>0</difficult>
		<bndbox>
			<xmin>140</xmin>
			<ymin>1</ymin>
			<xmax>196</xmax>
			<ymax>79</ymax>
		</bndbox>
	</object>
</annotation>
