<annotation>
	<folder>data_leaf_rez</folder>
	<filename>correct_41.jpg</filename>
	<path>C:\Desktop\project\data_leaf_rez\correct_41.jpg</path>
	<source>
		<database>Unknown</database>
	</source>
	<size>
		<width>300</width>
		<height>300</height>
		<depth>3</depth>
	</size>
	<segmented>0</segmented>
	<object>
		<name>Leaf</name>
		<pose>Unspecified</pose>
		<truncated>0</truncated>
		<difficult>0</difficult>
		<bndbox>
			<xmin>66</xmin>
			<ymin>91</ymin>
			<xmax>246</xmax>
			<ymax>221</ymax>
		</bndbox>
	</object>
	<object>
		<name>Leaf</name>
		<pose>Unspecified</pose>
		<truncated>0</truncated>
		<difficult>0</difficult>
		<bndbox>
			<xmin>205</xmin>
			<ymin>199</ymin>
			<xmax>258</xmax>
			<ymax>282</ymax>
		</bndbox>
	</object>
	<object>
		<name>Leaf</name>
		<pose>Unspecified</pose>
		<truncated>1</truncated>
		<difficult>0</difficult>
		<bndbox>
			<xmin>235</xmin>
			<ymin>8</ymin>
			<xmax>300</xmax>
			<ymax>147</ymax>
		</bndbox>
	</object>
</annotation>
