<annotation>
	<folder>data_leaf_rez</folder>
	<filename>defect_89.jpg</filename>
	<path>C:\Desktop\project\data_leaf_rez\defect_89.jpg</path>
	<source>
		<database>Unknown</database>
	</source>
	<size>
		<width>300</width>
		<height>300</height>
		<depth>3</depth>
	</size>
	<segmented>0</segmented>
	<object>
		<name>Leaf</name>
		<pose>Unspecified</pose>
		<truncated>0</truncated>
		<difficult>0</difficult>
		<bndbox>
			<xmin>55</xmin>
			<ymin>15</ymin>
			<xmax>275</xmax>
			<ymax>201</ymax>
		</bndbox>
	</object>
	<object>
		<name>Leaf</name>
		<pose>Unspecified</pose>
		<truncated>1</truncated>
		<difficult>0</difficult>
		<bndbox>
			<xmin>71</xmin>
			<ymin>230</ymin>
			<xmax>155</xmax>
			<ymax>300</ymax>
		</bndbox>
	</object>
</annotation>
