<annotation>
	<folder>data_leaf_rez</folder>
	<filename>defect_150.jpg</filename>
	<path>C:\Desktop\project\data_leaf_rez\defect_150.jpg</path>
	<source>
		<database>Unknown</database>
	</source>
	<size>
		<width>300</width>
		<height>300</height>
		<depth>3</depth>
	</size>
	<segmented>0</segmented>
	<object>
		<name>Leaf</name>
		<pose>Unspecified</pose>
		<truncated>0</truncated>
		<difficult>0</difficult>
		<bndbox>
			<xmin>85</xmin>
			<ymin>128</ymin>
			<xmax>226</xmax>
			<ymax>230</ymax>
		</bndbox>
	</object>
	<object>
		<name>Leaf</name>
		<pose>Unspecified</pose>
		<truncated>0</truncated>
		<difficult>0</difficult>
		<bndbox>
			<xmin>198</xmin>
			<ymin>5</ymin>
			<xmax>279</xmax>
			<ymax>168</ymax>
		</bndbox>
	</object>
	<object>
		<name>Leaf</name>
		<pose>Unspecified</pose>
		<truncated>1</truncated>
		<difficult>0</difficult>
		<bndbox>
			<xmin>189</xmin>
			<ymin>180</ymin>
			<xmax>280</xmax>
			<ymax>300</ymax>
		</bndbox>
	</object>
</annotation>
