<annotation>
	<folder>data_leaf_rez</folder>
	<filename>defect_7.jpg</filename>
	<path>C:\Desktop\project\data_leaf_rez\defect_7.jpg</path>
	<source>
		<database>Unknown</database>
	</source>
	<size>
		<width>300</width>
		<height>300</height>
		<depth>3</depth>
	</size>
	<segmented>0</segmented>
	<object>
		<name>Leaf</name>
		<pose>Unspecified</pose>
		<truncated>0</truncated>
		<difficult>0</difficult>
		<bndbox>
			<xmin>47</xmin>
			<ymin>70</ymin>
			<xmax>269</xmax>
			<ymax>228</ymax>
		</bndbox>
	</object>
	<object>
		<name>Leaf</name>
		<pose>Unspecified</pose>
		<truncated>0</truncated>
		<difficult>0</difficult>
		<bndbox>
			<xmin>173</xmin>
			<ymin>6</ymin>
			<xmax>283</xmax>
			<ymax>82</ymax>
		</bndbox>
	</object>
</annotation>
