<annotation>
	<folder>data_leaf_rez</folder>
	<filename>defect_14.jpg</filename>
	<path>C:\Desktop\project\data_leaf_rez\defect_14.jpg</path>
	<source>
		<database>Unknown</database>
	</source>
	<size>
		<width>300</width>
		<height>300</height>
		<depth>3</depth>
	</size>
	<segmented>0</segmented>
	<object>
		<name>Leaf</name>
		<pose>Unspecified</pose>
		<truncated>0</truncated>
		<difficult>0</difficult>
		<bndbox>
			<xmin>48</xmin>
			<ymin>55</ymin>
			<xmax>228</xmax>
			<ymax>180</ymax>
		</bndbox>
	</object>
	<object>
		<name>Leaf</name>
		<pose>Unspecified</pose>
		<truncated>1</truncated>
		<difficult>0</difficult>
		<bndbox>
			<xmin>155</xmin>
			<ymin>156</ymin>
			<xmax>281</xmax>
			<ymax>300</ymax>
		</bndbox>
	</object>
</annotation>
