<annotation>
	<folder>data_leaf_rez</folder>
	<filename>defect_22.jpg</filename>
	<path>C:\Desktop\project\data_leaf_rez\defect_22.jpg</path>
	<source>
		<database>Unknown</database>
	</source>
	<size>
		<width>300</width>
		<height>300</height>
		<depth>3</depth>
	</size>
	<segmented>0</segmented>
	<object>
		<name>Leaf</name>
		<pose>Unspecified</pose>
		<truncated>0</truncated>
		<difficult>0</difficult>
		<bndbox>
			<xmin>68</xmin>
			<ymin>59</ymin>
			<xmax>275</xmax>
			<ymax>188</ymax>
		</bndbox>
	</object>
	<object>
		<name>Leaf</name>
		<pose>Unspecified</pose>
		<truncated>0</truncated>
		<difficult>0</difficult>
		<bndbox>
			<xmin>5</xmin>
			<ymin>124</ymin>
			<xmax>77</xmax>
			<ymax>292</ymax>
		</bndbox>
	</object>
	<object>
		<name>Leaf</name>
		<pose>Unspecified</pose>
		<truncated>1</truncated>
		<difficult>0</difficult>
		<bndbox>
			<xmin>72</xmin>
			<ymin>166</ymin>
			<xmax>185</xmax>
			<ymax>300</ymax>
		</bndbox>
	</object>
</annotation>
