<annotation>
	<folder>data_leaf_rez</folder>
	<filename>defect_141.jpg</filename>
	<path>C:\Desktop\project\data_leaf_rez\defect_141.jpg</path>
	<source>
		<database>Unknown</database>
	</source>
	<size>
		<width>300</width>
		<height>300</height>
		<depth>3</depth>
	</size>
	<segmented>0</segmented>
	<object>
		<name>Leaf</name>
		<pose>Unspecified</pose>
		<truncated>0</truncated>
		<difficult>0</difficult>
		<bndbox>
			<xmin>10</xmin>
			<ymin>31</ymin>
			<xmax>220</xmax>
			<ymax>172</ymax>
		</bndbox>
	</object>
	<object>
		<name>Leaf</name>
		<pose>Unspecified</pose>
		<truncated>1</truncated>
		<difficult>0</difficult>
		<bndbox>
			<xmin>137</xmin>
			<ymin>216</ymin>
			<xmax>219</xmax>
			<ymax>300</ymax>
		</bndbox>
	</object>
	<object>
		<name>Leaf</name>
		<pose>Unspecified</pose>
		<truncated>0</truncated>
		<difficult>0</difficult>
		<bndbox>
			<xmin>227</xmin>
			<ymin>135</ymin>
			<xmax>293</xmax>
			<ymax>253</ymax>
		</bndbox>
	</object>
</annotation>
