<annotation>
	<folder>data_leaf_rez</folder>
	<filename>defect_171.jpg</filename>
	<path>C:\Desktop\project\data_leaf_rez\defect_171.jpg</path>
	<source>
		<database>Unknown</database>
	</source>
	<size>
		<width>300</width>
		<height>300</height>
		<depth>3</depth>
	</size>
	<segmented>0</segmented>
	<object>
		<name>Leaf</name>
		<pose>Unspecified</pose>
		<truncated>0</truncated>
		<difficult>0</difficult>
		<bndbox>
			<xmin>30</xmin>
			<ymin>27</ymin>
			<xmax>255</xmax>
			<ymax>210</ymax>
		</bndbox>
	</object>
	<object>
		<name>Leaf</name>
		<pose>Unspecified</pose>
		<truncated>1</truncated>
		<difficult>0</difficult>
		<bndbox>
			<xmin>244</xmin>
			<ymin>69</ymin>
			<xmax>300</xmax>
			<ymax>164</ymax>
		</bndbox>
	</object>
</annotation>
