<annotation>
	<folder>data_leaf_rez</folder>
	<filename>defect_53.jpg</filename>
	<path>C:\Desktop\project\data_leaf_rez\defect_53.jpg</path>
	<source>
		<database>Unknown</database>
	</source>
	<size>
		<width>300</width>
		<height>300</height>
		<depth>3</depth>
	</size>
	<segmented>0</segmented>
	<object>
		<name>Leaf</name>
		<pose>Unspecified</pose>
		<truncated>0</truncated>
		<difficult>0</difficult>
		<bndbox>
			<xmin>60</xmin>
			<ymin>84</ymin>
			<xmax>237</xmax>
			<ymax>249</ymax>
		</bndbox>
	</object>
	<object>
		<name>Leaf</name>
		<pose>Unspecified</pose>
		<truncated>1</truncated>
		<difficult>0</difficult>
		<bndbox>
			<xmin>168</xmin>
			<ymin>1</ymin>
			<xmax>298</xmax>
			<ymax>156</ymax>
		</bndbox>
	</object>
	<object>
		<name>Leaf</name>
		<pose>Unspecified</pose>
		<truncated>1</truncated>
		<difficult>0</difficult>
		<bndbox>
			<xmin>221</xmin>
			<ymin>159</ymin>
			<xmax>298</xmax>
			<ymax>300</ymax>
		</bndbox>
	</object>
</annotation>
