<annotation>
	<folder>data_leaf_rez</folder>
	<filename>defect_131.jpg</filename>
	<path>C:\Desktop\project\data_leaf_rez\defect_131.jpg</path>
	<source>
		<database>Unknown</database>
	</source>
	<size>
		<width>300</width>
		<height>300</height>
		<depth>3</depth>
	</size>
	<segmented>0</segmented>
	<object>
		<name>Leaf</name>
		<pose>Unspecified</pose>
		<truncated>0</truncated>
		<difficult>0</difficult>
		<bndbox>
			<xmin>68</xmin>
			<ymin>26</ymin>
			<xmax>295</xmax>
			<ymax>190</ymax>
		</bndbox>
	</object>
	<object>
		<name>Leaf</name>
		<pose>Unspecified</pose>
		<truncated>1</truncated>
		<difficult>0</difficult>
		<bndbox>
			<xmin>1</xmin>
			<ymin>190</ymin>
			<xmax>72</xmax>
			<ymax>270</ymax>
		</bndbox>
	</object>
</annotation>
