<annotation>
	<folder>data_leaf_rez</folder>
	<filename>defect_86.jpg</filename>
	<path>C:\Desktop\project\data_leaf_rez\defect_86.jpg</path>
	<source>
		<database>Unknown</database>
	</source>
	<size>
		<width>300</width>
		<height>300</height>
		<depth>3</depth>
	</size>
	<segmented>0</segmented>
	<object>
		<name>Leaf</name>
		<pose>Unspecified</pose>
		<truncated>1</truncated>
		<difficult>0</difficult>
		<bndbox>
			<xmin>67</xmin>
			<ymin>1</ymin>
			<xmax>187</xmax>
			<ymax>103</ymax>
		</bndbox>
	</object>
	<object>
		<name>Leaf</name>
		<pose>Unspecified</pose>
		<truncated>0</truncated>
		<difficult>0</difficult>
		<bndbox>
			<xmin>66</xmin>
			<ymin>115</ymin>
			<xmax>231</xmax>
			<ymax>222</ymax>
		</bndbox>
	</object>
</annotation>
