<annotation>
	<folder>data_leaf_rez</folder>
	<filename>defect_188.jpg</filename>
	<path>C:\Desktop\project\data_leaf_rez\defect_188.jpg</path>
	<source>
		<database>Unknown</database>
	</source>
	<size>
		<width>300</width>
		<height>300</height>
		<depth>3</depth>
	</size>
	<segmented>0</segmented>
	<object>
		<name>Leaf</name>
		<pose>Unspecified</pose>
		<truncated>0</truncated>
		<difficult>0</difficult>
		<bndbox>
			<xmin>4</xmin>
			<ymin>16</ymin>
			<xmax>263</xmax>
			<ymax>209</ymax>
		</bndbox>
	</object>
	<object>
		<name>Leaf</name>
		<pose>Unspecified</pose>
		<truncated>0</truncated>
		<difficult>0</difficult>
		<bndbox>
			<xmin>213</xmin>
			<ymin>166</ymin>
			<xmax>291</xmax>
			<ymax>233</ymax>
		</bndbox>
	</object>
</annotation>
