<annotation>
	<folder>data_leaf_rez</folder>
	<filename>defect_69.jpg</filename>
	<path>C:\Desktop\project\data_leaf_rez\defect_69.jpg</path>
	<source>
		<database>Unknown</database>
	</source>
	<size>
		<width>300</width>
		<height>300</height>
		<depth>3</depth>
	</size>
	<segmented>0</segmented>
	<object>
		<name>Leaf</name>
		<pose>Unspecified</pose>
		<truncated>0</truncated>
		<difficult>0</difficult>
		<bndbox>
			<xmin>56</xmin>
			<ymin>63</ymin>
			<xmax>245</xmax>
			<ymax>181</ymax>
		</bndbox>
	</object>
	<object>
		<name>Leaf</name>
		<pose>Unspecified</pose>
		<truncated>0</truncated>
		<difficult>0</difficult>
		<bndbox>
			<xmin>78</xmin>
			<ymin>225</ymin>
			<xmax>147</xmax>
			<ymax>275</ymax>
		</bndbox>
	</object>
	<object>
		<name>Leaf</name>
		<pose>Unspecified</pose>
		<truncated>0</truncated>
		<difficult>0</difficult>
		<bndbox>
			<xmin>253</xmin>
			<ymin>224</ymin>
			<xmax>297</xmax>
			<ymax>284</ymax>
		</bndbox>
	</object>
</annotation>
