<annotation>
	<folder>data_leaf_rez</folder>
	<filename>defect_100.jpg</filename>
	<path>C:\Desktop\project\data_leaf_rez\defect_100.jpg</path>
	<source>
		<database>Unknown</database>
	</source>
	<size>
		<width>300</width>
		<height>300</height>
		<depth>3</depth>
	</size>
	<segmented>0</segmented>
	<object>
		<name>Leaf</name>
		<pose>Unspecified</pose>
		<truncated>0</truncated>
		<difficult>0</difficult>
		<bndbox>
			<xmin>50</xmin>
			<ymin>118</ymin>
			<xmax>227</xmax>
			<ymax>260</ymax>
		</bndbox>
	</object>
	<object>
		<name>Leaf</name>
		<pose>Unspecified</pose>
		<truncated>0</truncated>
		<difficult>0</difficult>
		<bndbox>
			<xmin>16</xmin>
			<ymin>87</ymin>
			<xmax>62</xmax>
			<ymax>148</ymax>
		</bndbox>
	</object>
</annotation>
