<annotation>
	<folder>data_leaf_rez</folder>
	<filename>defect_24.jpg</filename>
	<path>C:\Desktop\project\data_leaf_rez\defect_24.jpg</path>
	<source>
		<database>Unknown</database>
	</source>
	<size>
		<width>300</width>
		<height>300</height>
		<depth>3</depth>
	</size>
	<segmented>0</segmented>
	<object>
		<name>Leaf</name>
		<pose>Unspecified</pose>
		<truncated>0</truncated>
		<difficult>0</difficult>
		<bndbox>
			<xmin>54</xmin>
			<ymin>76</ymin>
			<xmax>237</xmax>
			<ymax>198</ymax>
		</bndbox>
	</object>
	<object>
		<name>Leaf</name>
		<pose>Unspecified</pose>
		<truncated>1</truncated>
		<difficult>0</difficult>
		<bndbox>
			<xmin>1</xmin>
			<ymin>1</ymin>
			<xmax>82</xmax>
			<ymax>82</ymax>
		</bndbox>
	</object>
</annotation>
