<annotation>
	<folder>data_leaf_rez</folder>
	<filename>defect_52.jpg</filename>
	<path>C:\Desktop\project\data_leaf_rez\defect_52.jpg</path>
	<source>
		<database>Unknown</database>
	</source>
	<size>
		<width>300</width>
		<height>300</height>
		<depth>3</depth>
	</size>
	<segmented>0</segmented>
	<object>
		<name>Leaf</name>
		<pose>Unspecified</pose>
		<truncated>0</truncated>
		<difficult>0</difficult>
		<bndbox>
			<xmin>55</xmin>
			<ymin>44</ymin>
			<xmax>258</xmax>
			<ymax>221</ymax>
		</bndbox>
	</object>
	<object>
		<name>Leaf</name>
		<pose>Unspecified</pose>
		<truncated>1</truncated>
		<difficult>0</difficult>
		<bndbox>
			<xmin>22</xmin>
			<ymin>192</ymin>
			<xmax>182</xmax>
			<ymax>300</ymax>
		</bndbox>
	</object>
</annotation>
