<annotation>
	<folder>data_leaf_rez</folder>
	<filename>defect_97.jpg</filename>
	<path>C:\Desktop\project\data_leaf_rez\defect_97.jpg</path>
	<source>
		<database>Unknown</database>
	</source>
	<size>
		<width>300</width>
		<height>300</height>
		<depth>3</depth>
	</size>
	<segmented>0</segmented>
	<object>
		<name>Leaf</name>
		<pose>Unspecified</pose>
		<truncated>0</truncated>
		<difficult>0</difficult>
		<bndbox>
			<xmin>50</xmin>
			<ymin>67</ymin>
			<xmax>266</xmax>
			<ymax>228</ymax>
		</bndbox>
	</object>
	<object>
		<name>Leaf</name>
		<pose>Unspecified</pose>
		<truncated>0</truncated>
		<difficult>0</difficult>
		<bndbox>
			<xmin>174</xmin>
			<ymin>211</ymin>
			<xmax>256</xmax>
			<ymax>277</ymax>
		</bndbox>
	</object>
</annotation>
