<annotation>
	<folder>data_leaf_rez</folder>
	<filename>defect_44.jpg</filename>
	<path>C:\Desktop\project\data_leaf_rez\defect_44.jpg</path>
	<source>
		<database>Unknown</database>
	</source>
	<size>
		<width>300</width>
		<height>300</height>
		<depth>3</depth>
	</size>
	<segmented>0</segmented>
	<object>
		<name>Leaf</name>
		<pose>Unspecified</pose>
		<truncated>0</truncated>
		<difficult>0</difficult>
		<bndbox>
			<xmin>44</xmin>
			<ymin>41</ymin>
			<xmax>286</xmax>
			<ymax>226</ymax>
		</bndbox>
	</object>
	<object>
		<name>Leaf</name>
		<pose>Unspecified</pose>
		<truncated>0</truncated>
		<difficult>0</difficult>
		<bndbox>
			<xmin>24</xmin>
			<ymin>205</ymin>
			<xmax>143</xmax>
			<ymax>297</ymax>
		</bndbox>
	</object>
</annotation>
