<annotation>
	<folder>data_leaf_rez</folder>
	<filename>defect_157.jpg</filename>
	<path>C:\Desktop\project\data_leaf_rez\defect_157.jpg</path>
	<source>
		<database>Unknown</database>
	</source>
	<size>
		<width>300</width>
		<height>300</height>
		<depth>3</depth>
	</size>
	<segmented>0</segmented>
	<object>
		<name>Leaf</name>
		<pose>Unspecified</pose>
		<truncated>0</truncated>
		<difficult>0</difficult>
		<bndbox>
			<xmin>80</xmin>
			<ymin>56</ymin>
			<xmax>265</xmax>
			<ymax>194</ymax>
		</bndbox>
	</object>
</annotation>
