<annotation>
	<folder>data_leaf_rez</folder>
	<filename>defect_136.jpg</filename>
	<path>C:\Desktop\project\data_leaf_rez\defect_136.jpg</path>
	<source>
		<database>Unknown</database>
	</source>
	<size>
		<width>300</width>
		<height>300</height>
		<depth>3</depth>
	</size>
	<segmented>0</segmented>
	<object>
		<name>Leaf</name>
		<pose>Unspecified</pose>
		<truncated>0</truncated>
		<difficult>0</difficult>
		<bndbox>
			<xmin>43</xmin>
			<ymin>110</ymin>
			<xmax>186</xmax>
			<ymax>227</ymax>
		</bndbox>
	</object>
	<object>
		<name>Leaf</name>
		<pose>Unspecified</pose>
		<truncated>0</truncated>
		<difficult>0</difficult>
		<bndbox>
			<xmin>146</xmin>
			<ymin>57</ymin>
			<xmax>188</xmax>
			<ymax>126</ymax>
		</bndbox>
	</object>
</annotation>
