<annotation>
	<folder>data_leaf_rez</folder>
	<filename>defect_122.jpg</filename>
	<path>C:\Desktop\project\data_leaf_rez\defect_122.jpg</path>
	<source>
		<database>Unknown</database>
	</source>
	<size>
		<width>300</width>
		<height>300</height>
		<depth>3</depth>
	</size>
	<segmented>0</segmented>
	<object>
		<name>Leaf</name>
		<pose>Unspecified</pose>
		<truncated>0</truncated>
		<difficult>0</difficult>
		<bndbox>
			<xmin>54</xmin>
			<ymin>95</ymin>
			<xmax>268</xmax>
			<ymax>194</ymax>
		</bndbox>
	</object>
	<object>
		<name>Leaf</name>
		<pose>Unspecified</pose>
		<truncated>1</truncated>
		<difficult>0</difficult>
		<bndbox>
			<xmin>60</xmin>
			<ymin>1</ymin>
			<xmax>156</xmax>
			<ymax>73</ymax>
		</bndbox>
	</object>
</annotation>
