<annotation>
	<folder>data_leaf_rez</folder>
	<filename>defect_0.jpg</filename>
	<path>C:\Desktop\project\data_leaf_rez\defect_0.jpg</path>
	<source>
		<database>Unknown</database>
	</source>
	<size>
		<width>300</width>
		<height>300</height>
		<depth>3</depth>
	</size>
	<segmented>0</segmented>
	<object>
		<name>Leaf</name>
		<pose>Unspecified</pose>
		<truncated>0</truncated>
		<difficult>0</difficult>
		<bndbox>
			<xmin>14</xmin>
			<ymin>15</ymin>
			<xmax>259</xmax>
			<ymax>243</ymax>
		</bndbox>
	</object>
	<object>
		<name>Leaf</name>
		<pose>Unspecified</pose>
		<truncated>0</truncated>
		<difficult>0</difficult>
		<bndbox>
			<xmin>202</xmin>
			<ymin>2</ymin>
			<xmax>299</xmax>
			<ymax>84</ymax>
		</bndbox>
	</object>
</annotation>
