<annotation>
	<folder>data_leaf_rez</folder>
	<filename>defect_11.jpg</filename>
	<path>C:\Desktop\project\data_leaf_rez\defect_11.jpg</path>
	<source>
		<database>Unknown</database>
	</source>
	<size>
		<width>300</width>
		<height>300</height>
		<depth>3</depth>
	</size>
	<segmented>0</segmented>
	<object>
		<name>Leaf</name>
		<pose>Unspecified</pose>
		<truncated>0</truncated>
		<difficult>0</difficult>
		<bndbox>
			<xmin>56</xmin>
			<ymin>67</ymin>
			<xmax>278</xmax>
			<ymax>213</ymax>
		</bndbox>
	</object>
	<object>
		<name>Leaf</name>
		<pose>Unspecified</pose>
		<truncated>0</truncated>
		<difficult>0</difficult>
		<bndbox>
			<xmin>33</xmin>
			<ymin>17</ymin>
			<xmax>100</xmax>
			<ymax>87</ymax>
		</bndbox>
	</object>
</annotation>
