<annotation>
	<folder>data_leaf_rez</folder>
	<filename>defect_27.jpg</filename>
	<path>C:\Desktop\project\data_leaf_rez\defect_27.jpg</path>
	<source>
		<database>Unknown</database>
	</source>
	<size>
		<width>300</width>
		<height>300</height>
		<depth>3</depth>
	</size>
	<segmented>0</segmented>
	<object>
		<name>Leaf</name>
		<pose>Unspecified</pose>
		<truncated>0</truncated>
		<difficult>0</difficult>
		<bndbox>
			<xmin>37</xmin>
			<ymin>112</ymin>
			<xmax>242</xmax>
			<ymax>247</ymax>
		</bndbox>
	</object>
	<object>
		<name>Leaf</name>
		<pose>Unspecified</pose>
		<truncated>1</truncated>
		<difficult>0</difficult>
		<bndbox>
			<xmin>123</xmin>
			<ymin>1</ymin>
			<xmax>241</xmax>
			<ymax>102</ymax>
		</bndbox>
	</object>
</annotation>
