<annotation>
	<folder>data_leaf_rez</folder>
	<filename>defect_37.jpg</filename>
	<path>C:\Desktop\project\data_leaf_rez\defect_37.jpg</path>
	<source>
		<database>Unknown</database>
	</source>
	<size>
		<width>300</width>
		<height>300</height>
		<depth>3</depth>
	</size>
	<segmented>0</segmented>
	<object>
		<name>Leaf</name>
		<pose>Unspecified</pose>
		<truncated>0</truncated>
		<difficult>0</difficult>
		<bndbox>
			<xmin>71</xmin>
			<ymin>52</ymin>
			<xmax>233</xmax>
			<ymax>169</ymax>
		</bndbox>
	</object>
	<object>
		<name>Leaf</name>
		<pose>Unspecified</pose>
		<truncated>1</truncated>
		<difficult>0</difficult>
		<bndbox>
			<xmin>156</xmin>
			<ymin>116</ymin>
			<xmax>300</xmax>
			<ymax>258</ymax>
		</bndbox>
	</object>
</annotation>
