<annotation>
	<folder>data_leaf_rez</folder>
	<filename>defect_95.jpg</filename>
	<path>C:\Desktop\project\data_leaf_rez\defect_95.jpg</path>
	<source>
		<database>Unknown</database>
	</source>
	<size>
		<width>300</width>
		<height>300</height>
		<depth>3</depth>
	</size>
	<segmented>0</segmented>
	<object>
		<name>Leaf</name>
		<pose>Unspecified</pose>
		<truncated>0</truncated>
		<difficult>0</difficult>
		<bndbox>
			<xmin>9</xmin>
			<ymin>72</ymin>
			<xmax>261</xmax>
			<ymax>242</ymax>
		</bndbox>
	</object>
	<object>
		<name>Leaf</name>
		<pose>Unspecified</pose>
		<truncated>0</truncated>
		<difficult>0</difficult>
		<bndbox>
			<xmin>161</xmin>
			<ymin>20</ymin>
			<xmax>295</xmax>
			<ymax>131</ymax>
		</bndbox>
	</object>
</annotation>
