<annotation>
	<folder>data_leaf_rez</folder>
	<filename>defect_117.jpg</filename>
	<path>C:\Desktop\project\data_leaf_rez\defect_117.jpg</path>
	<source>
		<database>Unknown</database>
	</source>
	<size>
		<width>300</width>
		<height>300</height>
		<depth>3</depth>
	</size>
	<segmented>0</segmented>
	<object>
		<name>Leaf</name>
		<pose>Unspecified</pose>
		<truncated>0</truncated>
		<difficult>0</difficult>
		<bndbox>
			<xmin>26</xmin>
			<ymin>10</ymin>
			<xmax>261</xmax>
			<ymax>186</ymax>
		</bndbox>
	</object>
	<object>
		<name>Leaf</name>
		<pose>Unspecified</pose>
		<truncated>0</truncated>
		<difficult>0</difficult>
		<bndbox>
			<xmin>141</xmin>
			<ymin>176</ymin>
			<xmax>236</xmax>
			<ymax>243</ymax>
		</bndbox>
	</object>
</annotation>
