<annotation>
	<folder>data_leaf_rez</folder>
	<filename>defect_30.jpg</filename>
	<path>C:\Desktop\project\data_leaf_rez\defect_30.jpg</path>
	<source>
		<database>Unknown</database>
	</source>
	<size>
		<width>300</width>
		<height>300</height>
		<depth>3</depth>
	</size>
	<segmented>0</segmented>
	<object>
		<name>Leaf</name>
		<pose>Unspecified</pose>
		<truncated>0</truncated>
		<difficult>0</difficult>
		<bndbox>
			<xmin>10</xmin>
			<ymin>79</ymin>
			<xmax>219</xmax>
			<ymax>223</ymax>
		</bndbox>
	</object>
	<object>
		<name>Leaf</name>
		<pose>Unspecified</pose>
		<truncated>0</truncated>
		<difficult>0</difficult>
		<bndbox>
			<xmin>54</xmin>
			<ymin>207</ymin>
			<xmax>158</xmax>
			<ymax>296</ymax>
		</bndbox>
	</object>
</annotation>
