<annotation>
	<folder>data_leaf_rez</folder>
	<filename>defect_183.jpg</filename>
	<path>C:\Desktop\project\data_leaf_rez\defect_183.jpg</path>
	<source>
		<database>Unknown</database>
	</source>
	<size>
		<width>300</width>
		<height>300</height>
		<depth>3</depth>
	</size>
	<segmented>0</segmented>
	<object>
		<name>Leaf</name>
		<pose>Unspecified</pose>
		<truncated>0</truncated>
		<difficult>0</difficult>
		<bndbox>
			<xmin>39</xmin>
			<ymin>55</ymin>
			<xmax>223</xmax>
			<ymax>173</ymax>
		</bndbox>
	</object>
	<object>
		<name>Leaf</name>
		<pose>Unspecified</pose>
		<truncated>1</truncated>
		<difficult>0</difficult>
		<bndbox>
			<xmin>2</xmin>
			<ymin>122</ymin>
			<xmax>61</xmax>
			<ymax>300</ymax>
		</bndbox>
	</object>
</annotation>
