<annotation>
	<folder>data_leaf_rez</folder>
	<filename>defect_59.jpg</filename>
	<path>C:\Desktop\project\data_leaf_rez\defect_59.jpg</path>
	<source>
		<database>Unknown</database>
	</source>
	<size>
		<width>300</width>
		<height>300</height>
		<depth>3</depth>
	</size>
	<segmented>0</segmented>
	<object>
		<name>Leaf</name>
		<pose>Unspecified</pose>
		<truncated>0</truncated>
		<difficult>0</difficult>
		<bndbox>
			<xmin>29</xmin>
			<ymin>74</ymin>
			<xmax>248</xmax>
			<ymax>221</ymax>
		</bndbox>
	</object>
	<object>
		<name>Leaf</name>
		<pose>Unspecified</pose>
		<truncated>1</truncated>
		<difficult>0</difficult>
		<bndbox>
			<xmin>7</xmin>
			<ymin>176</ymin>
			<xmax>125</xmax>
			<ymax>300</ymax>
		</bndbox>
	</object>
</annotation>
