<annotation>
	<folder>data_leaf_rez</folder>
	<filename>defect_163.jpg</filename>
	<path>C:\Desktop\project\data_leaf_rez\defect_163.jpg</path>
	<source>
		<database>Unknown</database>
	</source>
	<size>
		<width>300</width>
		<height>300</height>
		<depth>3</depth>
	</size>
	<segmented>0</segmented>
	<object>
		<name>Leaf</name>
		<pose>Unspecified</pose>
		<truncated>0</truncated>
		<difficult>0</difficult>
		<bndbox>
			<xmin>20</xmin>
			<ymin>39</ymin>
			<xmax>217</xmax>
			<ymax>201</ymax>
		</bndbox>
	</object>
	<object>
		<name>Leaf</name>
		<pose>Unspecified</pose>
		<truncated>1</truncated>
		<difficult>0</difficult>
		<bndbox>
			<xmin>22</xmin>
			<ymin>195</ymin>
			<xmax>218</xmax>
			<ymax>300</ymax>
		</bndbox>
	</object>
	<object>
		<name>Leaf</name>
		<pose>Unspecified</pose>
		<truncated>1</truncated>
		<difficult>0</difficult>
		<bndbox>
			<xmin>227</xmin>
			<ymin>3</ymin>
			<xmax>300</xmax>
			<ymax>165</ymax>
		</bndbox>
	</object>
</annotation>
