<annotation>
	<folder>data_leaf_rez</folder>
	<filename>defect_145.jpg</filename>
	<path>C:\Desktop\project\data_leaf_rez\defect_145.jpg</path>
	<source>
		<database>Unknown</database>
	</source>
	<size>
		<width>300</width>
		<height>300</height>
		<depth>3</depth>
	</size>
	<segmented>0</segmented>
	<object>
		<name>Leaf</name>
		<pose>Unspecified</pose>
		<truncated>0</truncated>
		<difficult>0</difficult>
		<bndbox>
			<xmin>16</xmin>
			<ymin>58</ymin>
			<xmax>199</xmax>
			<ymax>216</ymax>
		</bndbox>
	</object>
	<object>
		<name>Leaf</name>
		<pose>Unspecified</pose>
		<truncated>0</truncated>
		<difficult>0</difficult>
		<bndbox>
			<xmin>242</xmin>
			<ymin>79</ymin>
			<xmax>296</xmax>
			<ymax>229</ymax>
		</bndbox>
	</object>
</annotation>
