<annotation>
	<folder>data_leaf_rez</folder>
	<filename>defect_83.jpg</filename>
	<path>C:\Desktop\project\data_leaf_rez\defect_83.jpg</path>
	<source>
		<database>Unknown</database>
	</source>
	<size>
		<width>300</width>
		<height>300</height>
		<depth>3</depth>
	</size>
	<segmented>0</segmented>
	<object>
		<name>Leaf</name>
		<pose>Unspecified</pose>
		<truncated>0</truncated>
		<difficult>0</difficult>
		<bndbox>
			<xmin>80</xmin>
			<ymin>84</ymin>
			<xmax>259</xmax>
			<ymax>188</ymax>
		</bndbox>
	</object>
	<object>
		<name>Leaf</name>
		<pose>Unspecified</pose>
		<truncated>0</truncated>
		<difficult>0</difficult>
		<bndbox>
			<xmin>159</xmin>
			<ymin>8</ymin>
			<xmax>253</xmax>
			<ymax>104</ymax>
		</bndbox>
	</object>
	<object>
		<name>Leaf</name>
		<pose>Unspecified</pose>
		<truncated>1</truncated>
		<difficult>0</difficult>
		<bndbox>
			<xmin>83</xmin>
			<ymin>182</ymin>
			<xmax>169</xmax>
			<ymax>300</ymax>
		</bndbox>
	</object>
</annotation>
