<annotation>
	<folder>data_leaf_rez</folder>
	<filename>defect_10.jpg</filename>
	<path>C:\Desktop\project\data_leaf_rez\defect_10.jpg</path>
	<source>
		<database>Unknown</database>
	</source>
	<size>
		<width>300</width>
		<height>300</height>
		<depth>3</depth>
	</size>
	<segmented>0</segmented>
	<object>
		<name>Leaf</name>
		<pose>Unspecified</pose>
		<truncated>0</truncated>
		<difficult>0</difficult>
		<bndbox>
			<xmin>34</xmin>
			<ymin>95</ymin>
			<xmax>255</xmax>
			<ymax>259</ymax>
		</bndbox>
	</object>
	<object>
		<name>Leaf</name>
		<pose>Unspecified</pose>
		<truncated>1</truncated>
		<difficult>0</difficult>
		<bndbox>
			<xmin>102</xmin>
			<ymin>1</ymin>
			<xmax>226</xmax>
			<ymax>88</ymax>
		</bndbox>
	</object>
</annotation>
