<annotation>
	<folder>data_leaf_rez</folder>
	<filename>defect_16.jpg</filename>
	<path>C:\Desktop\project\data_leaf_rez\defect_16.jpg</path>
	<source>
		<database>Unknown</database>
	</source>
	<size>
		<width>300</width>
		<height>300</height>
		<depth>3</depth>
	</size>
	<segmented>0</segmented>
	<object>
		<name>Leaf</name>
		<pose>Unspecified</pose>
		<truncated>0</truncated>
		<difficult>0</difficult>
		<bndbox>
			<xmin>29</xmin>
			<ymin>69</ymin>
			<xmax>226</xmax>
			<ymax>189</ymax>
		</bndbox>
	</object>
	<object>
		<name>Leaf</name>
		<pose>Unspecified</pose>
		<truncated>1</truncated>
		<difficult>0</difficult>
		<bndbox>
			<xmin>184</xmin>
			<ymin>157</ymin>
			<xmax>286</xmax>
			<ymax>300</ymax>
		</bndbox>
	</object>
	<object>
		<name>Leaf</name>
		<pose>Unspecified</pose>
		<truncated>1</truncated>
		<difficult>0</difficult>
		<bndbox>
			<xmin>177</xmin>
			<ymin>1</ymin>
			<xmax>283</xmax>
			<ymax>132</ymax>
		</bndbox>
	</object>
</annotation>
