<annotation>
	<folder>data_leaf_rez</folder>
	<filename>defect_67.jpg</filename>
	<path>C:\Desktop\project\data_leaf_rez\defect_67.jpg</path>
	<source>
		<database>Unknown</database>
	</source>
	<size>
		<width>300</width>
		<height>300</height>
		<depth>3</depth>
	</size>
	<segmented>0</segmented>
	<object>
		<name>Leaf</name>
		<pose>Unspecified</pose>
		<truncated>0</truncated>
		<difficult>0</difficult>
		<bndbox>
			<xmin>55</xmin>
			<ymin>97</ymin>
			<xmax>284</xmax>
			<ymax>249</ymax>
		</bndbox>
	</object>
	<object>
		<name>Leaf</name>
		<pose>Unspecified</pose>
		<truncated>0</truncated>
		<difficult>0</difficult>
		<bndbox>
			<xmin>136</xmin>
			<ymin>38</ymin>
			<xmax>260</xmax>
			<ymax>116</ymax>
		</bndbox>
	</object>
	<object>
		<name>Leaf</name>
		<pose>Unspecified</pose>
		<truncated>0</truncated>
		<difficult>0</difficult>
		<bndbox>
			<xmin>210</xmin>
			<ymin>230</ymin>
			<xmax>299</xmax>
			<ymax>298</ymax>
		</bndbox>
	</object>
</annotation>
