<annotation>
	<folder>data_leaf_rez</folder>
	<filename>defect_151.jpg</filename>
	<path>C:\Desktop\project\data_leaf_rez\defect_151.jpg</path>
	<source>
		<database>Unknown</database>
	</source>
	<size>
		<width>300</width>
		<height>300</height>
		<depth>3</depth>
	</size>
	<segmented>0</segmented>
	<object>
		<name>Leaf</name>
		<pose>Unspecified</pose>
		<truncated>0</truncated>
		<difficult>0</difficult>
		<bndbox>
			<xmin>154</xmin>
			<ymin>149</ymin>
			<xmax>235</xmax>
			<ymax>245</ymax>
		</bndbox>
	</object>
	<object>
		<name>Leaf</name>
		<pose>Unspecified</pose>
		<truncated>0</truncated>
		<difficult>0</difficult>
		<bndbox>
			<xmin>55</xmin>
			<ymin>176</ymin>
			<xmax>155</xmax>
			<ymax>246</ymax>
		</bndbox>
	</object>
</annotation>
