<annotation>
	<folder>data_leaf_rez</folder>
	<filename>defect_101.jpg</filename>
	<path>C:\Desktop\project\data_leaf_rez\defect_101.jpg</path>
	<source>
		<database>Unknown</database>
	</source>
	<size>
		<width>300</width>
		<height>300</height>
		<depth>3</depth>
	</size>
	<segmented>0</segmented>
	<object>
		<name>Leaf</name>
		<pose>Unspecified</pose>
		<truncated>0</truncated>
		<difficult>0</difficult>
		<bndbox>
			<xmin>39</xmin>
			<ymin>64</ymin>
			<xmax>250</xmax>
			<ymax>200</ymax>
		</bndbox>
	</object>
	<object>
		<name>Leaf</name>
		<pose>Unspecified</pose>
		<truncated>0</truncated>
		<difficult>0</difficult>
		<bndbox>
			<xmin>9</xmin>
			<ymin>171</ymin>
			<xmax>84</xmax>
			<ymax>254</ymax>
		</bndbox>
	</object>
</annotation>
