<annotation>
	<folder>data_leaf_rez</folder>
	<filename>defect_43.jpg</filename>
	<path>C:\Desktop\project\data_leaf_rez\defect_43.jpg</path>
	<source>
		<database>Unknown</database>
	</source>
	<size>
		<width>300</width>
		<height>300</height>
		<depth>3</depth>
	</size>
	<segmented>0</segmented>
	<object>
		<name>Leaf</name>
		<pose>Unspecified</pose>
		<truncated>0</truncated>
		<difficult>0</difficult>
		<bndbox>
			<xmin>44</xmin>
			<ymin>42</ymin>
			<xmax>287</xmax>
			<ymax>233</ymax>
		</bndbox>
	</object>
	<object>
		<name>Leaf</name>
		<pose>Unspecified</pose>
		<truncated>0</truncated>
		<difficult>0</difficult>
		<bndbox>
			<xmin>24</xmin>
			<ymin>208</ymin>
			<xmax>145</xmax>
			<ymax>294</ymax>
		</bndbox>
	</object>
</annotation>
