<annotation>
	<folder>data_leaf_rez</folder>
	<filename>defect_29.jpg</filename>
	<path>C:\Desktop\project\data_leaf_rez\defect_29.jpg</path>
	<source>
		<database>Unknown</database>
	</source>
	<size>
		<width>300</width>
		<height>300</height>
		<depth>3</depth>
	</size>
	<segmented>0</segmented>
	<object>
		<name>Leaf</name>
		<pose>Unspecified</pose>
		<truncated>0</truncated>
		<difficult>0</difficult>
		<bndbox>
			<xmin>43</xmin>
			<ymin>70</ymin>
			<xmax>279</xmax>
			<ymax>193</ymax>
		</bndbox>
	</object>
	<object>
		<name>Leaf</name>
		<pose>Unspecified</pose>
		<truncated>1</truncated>
		<difficult>0</difficult>
		<bndbox>
			<xmin>124</xmin>
			<ymin>186</ymin>
			<xmax>297</xmax>
			<ymax>300</ymax>
		</bndbox>
	</object>
</annotation>
