<annotation>
	<folder>data_leaf_rez</folder>
	<filename>defect_42.jpg</filename>
	<path>C:\Desktop\project\data_leaf_rez\defect_42.jpg</path>
	<source>
		<database>Unknown</database>
	</source>
	<size>
		<width>300</width>
		<height>300</height>
		<depth>3</depth>
	</size>
	<segmented>0</segmented>
	<object>
		<name>Leaf</name>
		<pose>Unspecified</pose>
		<truncated>0</truncated>
		<difficult>0</difficult>
		<bndbox>
			<xmin>19</xmin>
			<ymin>71</ymin>
			<xmax>237</xmax>
			<ymax>256</ymax>
		</bndbox>
	</object>
	<object>
		<name>Leaf</name>
		<pose>Unspecified</pose>
		<truncated>1</truncated>
		<difficult>0</difficult>
		<bndbox>
			<xmin>142</xmin>
			<ymin>231</ymin>
			<xmax>265</xmax>
			<ymax>300</ymax>
		</bndbox>
	</object>
</annotation>
