<annotation>
	<folder>data_leaf_rez</folder>
	<filename>defect_118.jpg</filename>
	<path>C:\Desktop\project\data_leaf_rez\defect_118.jpg</path>
	<source>
		<database>Unknown</database>
	</source>
	<size>
		<width>300</width>
		<height>300</height>
		<depth>3</depth>
	</size>
	<segmented>0</segmented>
	<object>
		<name>Leaf</name>
		<pose>Unspecified</pose>
		<truncated>0</truncated>
		<difficult>0</difficult>
		<bndbox>
			<xmin>39</xmin>
			<ymin>93</ymin>
			<xmax>233</xmax>
			<ymax>246</ymax>
		</bndbox>
	</object>
	<object>
		<name>Leaf</name>
		<pose>Unspecified</pose>
		<truncated>0</truncated>
		<difficult>0</difficult>
		<bndbox>
			<xmin>124</xmin>
			<ymin>14</ymin>
			<xmax>217</xmax>
			<ymax>80</ymax>
		</bndbox>
	</object>
	<object>
		<name>Leaf</name>
		<pose>Unspecified</pose>
		<truncated>0</truncated>
		<difficult>0</difficult>
		<bndbox>
			<xmin>204</xmin>
			<ymin>54</ymin>
			<xmax>252</xmax>
			<ymax>99</ymax>
		</bndbox>
	</object>
</annotation>
