<annotation>
	<folder>data_leaf_rez</folder>
	<filename>defect_190.jpg</filename>
	<path>C:\Desktop\project\data_leaf_rez\defect_190.jpg</path>
	<source>
		<database>Unknown</database>
	</source>
	<size>
		<width>300</width>
		<height>300</height>
		<depth>3</depth>
	</size>
	<segmented>0</segmented>
	<object>
		<name>Leaf</name>
		<pose>Unspecified</pose>
		<truncated>0</truncated>
		<difficult>0</difficult>
		<bndbox>
			<xmin>16</xmin>
			<ymin>30</ymin>
			<xmax>241</xmax>
			<ymax>192</ymax>
		</bndbox>
	</object>
	<object>
		<name>Leaf</name>
		<pose>Unspecified</pose>
		<truncated>0</truncated>
		<difficult>0</difficult>
		<bndbox>
			<xmin>194</xmin>
			<ymin>166</ymin>
			<xmax>258</xmax>
			<ymax>226</ymax>
		</bndbox>
	</object>
</annotation>
