<annotation>
	<folder>data_leaf_rez</folder>
	<filename>defect_192.jpg</filename>
	<path>C:\Desktop\project\data_leaf_rez\defect_192.jpg</path>
	<source>
		<database>Unknown</database>
	</source>
	<size>
		<width>300</width>
		<height>300</height>
		<depth>3</depth>
	</size>
	<segmented>0</segmented>
	<object>
		<name>Leaf</name>
		<pose>Unspecified</pose>
		<truncated>0</truncated>
		<difficult>0</difficult>
		<bndbox>
			<xmin>22</xmin>
			<ymin>15</ymin>
			<xmax>218</xmax>
			<ymax>183</ymax>
		</bndbox>
	</object>
	<object>
		<name>Leaf</name>
		<pose>Unspecified</pose>
		<truncated>0</truncated>
		<difficult>0</difficult>
		<bndbox>
			<xmin>166</xmin>
			<ymin>133</ymin>
			<xmax>259</xmax>
			<ymax>263</ymax>
		</bndbox>
	</object>
</annotation>
