<annotation>
	<folder>data_leaf_rez</folder>
	<filename>defect_116.jpg</filename>
	<path>C:\Desktop\project\data_leaf_rez\defect_116.jpg</path>
	<source>
		<database>Unknown</database>
	</source>
	<size>
		<width>300</width>
		<height>300</height>
		<depth>3</depth>
	</size>
	<segmented>0</segmented>
	<object>
		<name>Leaf</name>
		<pose>Unspecified</pose>
		<truncated>0</truncated>
		<difficult>0</difficult>
		<bndbox>
			<xmin>83</xmin>
			<ymin>75</ymin>
			<xmax>254</xmax>
			<ymax>242</ymax>
		</bndbox>
	</object>
	<object>
		<name>Leaf</name>
		<pose>Unspecified</pose>
		<truncated>0</truncated>
		<difficult>0</difficult>
		<bndbox>
			<xmin>99</xmin>
			<ymin>23</ymin>
			<xmax>159</xmax>
			<ymax>107</ymax>
		</bndbox>
	</object>
</annotation>
