<annotation>
	<folder>data_leaf_rez</folder>
	<filename>defect_191.jpg</filename>
	<path>C:\Desktop\project\data_leaf_rez\defect_191.jpg</path>
	<source>
		<database>Unknown</database>
	</source>
	<size>
		<width>300</width>
		<height>300</height>
		<depth>3</depth>
	</size>
	<segmented>0</segmented>
	<object>
		<name>Leaf</name>
		<pose>Unspecified</pose>
		<truncated>0</truncated>
		<difficult>0</difficult>
		<bndbox>
			<xmin>32</xmin>
			<ymin>58</ymin>
			<xmax>221</xmax>
			<ymax>195</ymax>
		</bndbox>
	</object>
	<object>
		<name>Leaf</name>
		<pose>Unspecified</pose>
		<truncated>0</truncated>
		<difficult>0</difficult>
		<bndbox>
			<xmin>145</xmin>
			<ymin>7</ymin>
			<xmax>237</xmax>
			<ymax>78</ymax>
		</bndbox>
	</object>
	<object>
		<name>Leaf</name>
		<pose>Unspecified</pose>
		<truncated>0</truncated>
		<difficult>0</difficult>
		<bndbox>
			<xmin>149</xmin>
			<ymin>161</ymin>
			<xmax>229</xmax>
			<ymax>271</ymax>
		</bndbox>
	</object>
</annotation>
