<annotation>
	<folder>data_leaf_rez</folder>
	<filename>defect_153.jpg</filename>
	<path>C:\Desktop\project\data_leaf_rez\defect_153.jpg</path>
	<source>
		<database>Unknown</database>
	</source>
	<size>
		<width>300</width>
		<height>300</height>
		<depth>3</depth>
	</size>
	<segmented>0</segmented>
	<object>
		<name>Leaf</name>
		<pose>Unspecified</pose>
		<truncated>0</truncated>
		<difficult>0</difficult>
		<bndbox>
			<xmin>117</xmin>
			<ymin>124</ymin>
			<xmax>229</xmax>
			<ymax>238</ymax>
		</bndbox>
	</object>
	<object>
		<name>Leaf</name>
		<pose>Unspecified</pose>
		<truncated>1</truncated>
		<difficult>0</difficult>
		<bndbox>
			<xmin>1</xmin>
			<ymin>55</ymin>
			<xmax>77</xmax>
			<ymax>192</ymax>
		</bndbox>
	</object>
</annotation>
