<annotation>
	<folder>data_leaf_rez</folder>
	<filename>defect_159.jpg</filename>
	<path>C:\Desktop\project\data_leaf_rez\defect_159.jpg</path>
	<source>
		<database>Unknown</database>
	</source>
	<size>
		<width>300</width>
		<height>300</height>
		<depth>3</depth>
	</size>
	<segmented>0</segmented>
	<object>
		<name>Leaf</name>
		<pose>Unspecified</pose>
		<truncated>0</truncated>
		<difficult>0</difficult>
		<bndbox>
			<xmin>113</xmin>
			<ymin>84</ymin>
			<xmax>233</xmax>
			<ymax>212</ymax>
		</bndbox>
	</object>
	<object>
		<name>Leaf</name>
		<pose>Unspecified</pose>
		<truncated>0</truncated>
		<difficult>0</difficult>
		<bndbox>
			<xmin>119</xmin>
			<ymin>5</ymin>
			<xmax>162</xmax>
			<ymax>93</ymax>
		</bndbox>
	</object>
</annotation>
